{
  "model_name": "llama3.2:latest",
  "learning_type": "zero_shot",
  "dataset_type": "test_examples",
  "format_type": "markdown",
  "precision": 0.6317274305555556,
  "recall": 0.45307392996108947,
  "f1_score": 0.5276896582978338,
  "accuracy": 0.5922216135847875,
  "confusion_matrix": [
    [
      4657,
      1697
    ],
    [
      3514,
      2911
    ]
  ],
  "true_positives": 2911,
  "false_positives": 1697,
  "true_negatives": 4657,
  "false_negatives": 3514
}