{
  "model_name": "llama3.2:latest",
  "learning_type": "zero_shot",
  "dataset_type": "test_examples",
  "format_type": "markdown",
  "precision": 0.6437692646411273,
  "recall": 0.4936965330932013,
  "f1_score": 0.5588328980059885,
  "accuracy": 0.6071813489137217,
  "confusion_matrix": [
    [
      6318,
      2427
    ],
    [
      4498,
      4386
    ]
  ],
  "true_positives": 4386,
  "false_positives": 2427,
  "true_negatives": 6318,
  "false_negatives": 4498
}