{
  "model_name": "deepseek-r1:8b",
  "learning_type": "zero_shot",
  "dataset_type": "test_examples",
  "format_type": "json",
  "precision": 0.8636363636363636,
  "recall": 0.709727626459144,
  "f1_score": 0.7791542076035882,
  "accuracy": 0.7977150011738008,
  "confusion_matrix": [
    [
      5634,
      720
    ],
    [
      1865,
      4560
    ]
  ],
  "true_positives": 4560,
  "false_positives": 720,
  "true_negatives": 5634,
  "false_negatives": 1865
}