{
  "model_name": "phi4:latest",
  "learning_type": "chain_of_thought",
  "dataset_type": "test_examples",
  "format_type": "json",
  "precision": 0.8516593362654938,
  "recall": 0.8748630887185104,
  "f1_score": 0.8631052880394408,
  "accuracy": 0.8602165367905662,
  "confusion_matrix": [
    [
      6084,
      1113
    ],
    [
      914,
      6390
    ]
  ],
  "true_positives": 6390,
  "false_positives": 1113,
  "true_negatives": 6084,
  "false_negatives": 914
}