{
  "model_name": "mistral:latest",
  "learning_type": "chain_of_thought",
  "dataset_type": "test_examples",
  "format_type": "json",
  "precision": 0.5896116623790273,
  "recall": 0.7491050583657588,
  "f1_score": 0.6598574170551138,
  "accuracy": 0.6117067063150481,
  "confusion_matrix": [
    [
      3004,
      3350
    ],
    [
      1612,
      4813
    ]
  ],
  "true_positives": 4813,
  "false_positives": 3350,
  "true_negatives": 3004,
  "false_negatives": 1612
}