{
  "model_name": "llama3.2:latest",
  "learning_type": "zero_shot",
  "dataset_type": "test_examples",
  "format_type": "html",
  "precision": 0.6167174715225413,
  "recall": 0.40050010418837256,
  "f1_score": 0.4856294611837534,
  "accuracy": 0.5726132367606152,
  "confusion_matrix": [
    [
      7066,
      2389
    ],
    [
      5754,
      3844
    ]
  ],
  "true_positives": 3844,
  "false_positives": 2389,
  "true_negatives": 7066,
  "false_negatives": 5754
}