{
  "model_name": "llama3.2:latest",
  "learning_type": "zero_shot",
  "dataset_type": "test_examples",
  "format_type": "html",
  "precision": 0.6091752318876912,
  "recall": 0.3782101167315175,
  "f1_score": 0.46667946994430576,
  "accuracy": 0.5653807027153924,
  "confusion_matrix": [
    [
      4795,
      1559
    ],
    [
      3995,
      2430
    ]
  ],
  "true_positives": 2430,
  "false_positives": 1559,
  "true_negatives": 4795,
  "false_negatives": 3995
}