{
  "model_name": "llama3.2:latest",
  "learning_type": "zero_shot",
  "dataset_type": "test_examples",
  "format_type": "naturalized",
  "precision": 0.6605152567147816,
  "recall": 0.406225418586358,
  "f1_score": 0.5030615084887281,
  "accuracy": 0.595560337504955,
  "confusion_matrix": [
    [
      6902,
      1858
    ],
    [
      5284,
      3615
    ]
  ],
  "true_positives": 3615,
  "false_positives": 1858,
  "true_negatives": 6902,
  "false_negatives": 5284
}