{
  "model_name": "llama3.2:latest",
  "learning_type": "zero_shot",
  "dataset_type": "test_examples",
  "format_type": "naturalized",
  "precision": 0.6444978632478633,
  "recall": 0.37556420233463034,
  "f1_score": 0.4745796046808929,
  "accuracy": 0.5818921668362157,
  "confusion_matrix": [
    [
      5023,
      1331
    ],
    [
      4012,
      2413
    ]
  ],
  "true_positives": 2413,
  "false_positives": 1331,
  "true_negatives": 5023,
  "false_negatives": 4012
}