{
  "model_name": "deepseek-r1:8b",
  "learning_type": "zero_shot",
  "dataset_type": "test_examples",
  "format_type": "markdown",
  "precision": 0.8903256142000705,
  "recall": 0.7809857702619096,
  "f1_score": 0.8320790991485856,
  "accuracy": 0.8412113027217951,
  "confusion_matrix": [
    [
      8621,
      933
    ],
    [
      2124,
      7574
    ]
  ],
  "true_positives": 7574,
  "false_positives": 933,
  "true_negatives": 8621,
  "false_negatives": 2124
}