{
  "model_name": "llama3.2",
  "learning_type": "few_shot",
  "dataset_type": "val_set",
  "format_type": "naturalized",
  "precision": 0.6399317406143344,
  "recall": 0.0580585229911751,
  "f1_score": 0.10645848119233499,
  "accuracy": 0.5064293554963148,
  "confusion_matrix": [
    [
      6084,
      211
    ],
    [
      6084,
      375
    ]
  ],
  "true_positives": 375,
  "false_positives": 211,
  "true_negatives": 6084,
  "false_negatives": 6084
}