{
  "model_name": "mistral:latest",
  "learning_type": "chain_of_thought",
  "dataset_type": "test_examples",
  "format_type": "markdown",
  "precision": 0.6046124583927722,
  "recall": 0.7915953307392997,
  "f1_score": 0.6855833389499225,
  "accuracy": 0.6349479614993349,
  "confusion_matrix": [
    [
      3028,
      3326
    ],
    [
      1339,
      5086
    ]
  ],
  "true_positives": 5086,
  "false_positives": 3326,
  "true_negatives": 3028,
  "false_negatives": 1339
}