{
  "model_name": "mistral",
  "learning_type": "zero_shot",
  "dataset_type": "test_set",
  "format_type": "naturalized",
  "precision": 0.6693115519253209,
  "recall": 0.4472863381160324,
  "f1_score": 0.5362251098438815,
  "accuracy": 0.6107187696170747,
  "confusion_matrix": [
    [
      4915,
      1417
    ],
    [
      3544,
      2868
    ]
  ],
  "true_positives": 2868,
  "false_positives": 1417,
  "true_negatives": 4915,
  "false_negatives": 3544
}