{
  "model_name": "deepseek-r1:8b",
  "learning_type": "zero_shot",
  "dataset_type": "test_examples",
  "format_type": "naturalized",
  "precision": 0.8871224165341812,
  "recall": 0.7810264385692068,
  "f1_score": 0.830700521048714,
  "accuracy": 0.8399405739307217,
  "confusion_matrix": [
    [
      5720,
      639
    ],
    [
      1408,
      5022
    ]
  ],
  "true_positives": 5022,
  "false_positives": 639,
  "true_negatives": 5720,
  "false_negatives": 1408
}