{
  "model_name": "deepseek-r1:8b",
  "learning_type": "zero_shot",
  "dataset_type": "test_examples",
  "format_type": "naturalized",
  "precision": 0.8944805194805194,
  "recall": 0.7983028045120563,
  "f1_score": 0.8436594301963143,
  "accuracy": 0.8509617890840848,
  "confusion_matrix": [
    [
      8610,
      910
    ],
    [
      1949,
      7714
    ]
  ],
  "true_positives": 7714,
  "false_positives": 910,
  "true_negatives": 8610,
  "false_negatives": 1949
}