{
  "model_name": "mistral:latest",
  "learning_type": "zero_shot",
  "dataset_type": "test_examples",
  "format_type": "naturalized",
  "precision": 0.728055647565419,
  "recall": 0.4069240025918726,
  "f1_score": 0.5220592601389467,
  "accuracy": 0.6248077192001119,
  "confusion_matrix": [
    [
      9008,
      1642
    ],
    [
      6407,
      4396
    ]
  ],
  "true_positives": 4396,
  "false_positives": 1642,
  "true_negatives": 9008,
  "false_negatives": 6407
}