{
  "model_name": "mistral:latest",
  "learning_type": "zero_shot",
  "dataset_type": "test_examples",
  "format_type": "markdown",
  "precision": 0.706198347107438,
  "recall": 0.47481015002778293,
  "f1_score": 0.5678369697640935,
  "accuracy": 0.636058387352516,
  "confusion_matrix": [
    [
      8512,
      2133
    ],
    [
      5671,
      5127
    ]
  ],
  "true_positives": 5127,
  "false_positives": 2133,
  "true_negatives": 8512,
  "false_negatives": 5671
}