{
  "model_name": "mistral",
  "learning_type": "few_shot",
  "dataset_type": "test_set",
  "format_type": "naturalized",
  "precision": 0.6438040345821325,
  "recall": 0.522613849033063,
  "f1_score": 0.5769131445295688,
  "accuracy": 0.6143283113622097,
  "confusion_matrix": [
    [
      4478,
      1854
    ],
    [
      3061,
      3351
    ]
  ],
  "true_positives": 3351,
  "false_positives": 1854,
  "true_negatives": 4478,
  "false_negatives": 3061
}