{
  "model_name": "phi4:latest",
  "learning_type": "zero_shot",
  "dataset_type": "test_examples",
  "format_type": "html",
  "precision": 0.8862153689739897,
  "recall": 0.8371348539415766,
  "f1_score": 0.8609762120339123,
  "accuracy": 0.86392749244713,
  "confusion_matrix": [
    [
      10987,
      1343
    ],
    [
      2035,
      10460
    ]
  ],
  "true_positives": 10460,
  "false_positives": 1343,
  "true_negatives": 10987,
  "false_negatives": 2035
}