{
  "model_name": "phi4:latest",
  "learning_type": "zero_shot",
  "dataset_type": "test_examples",
  "format_type": "json",
  "precision": 0.8864802250537812,
  "recall": 0.8574629851940776,
  "f1_score": 0.8717301981204996,
  "accuracy": 0.8729909365558912,
  "confusion_matrix": [
    [
      10958,
      1372
    ],
    [
      1781,
      10714
    ]
  ],
  "true_positives": 10714,
  "false_positives": 1372,
  "true_negatives": 10958,
  "false_negatives": 1781
}