{
  "model_name": "mistral",
  "learning_type": "zero_shot",
  "dataset_type": "test_examples",
  "format_type": "naturalized",
  "precision": 0.7000498256103638,
  "recall": 0.22049591964846202,
  "f1_score": 0.3353622150614632,
  "accuracy": 0.5603189641560082,
  "confusion_matrix": [
    [
      5692,
      602
    ],
    [
      4967,
      1405
    ]
  ],
  "true_positives": 1405,
  "false_positives": 602,
  "true_negatives": 5692,
  "false_negatives": 4967
}