{
  "model_name": "mistral",
  "learning_type": "zero_shot",
  "dataset_type": "test_examples",
  "format_type": "naturalized",
  "precision": 0.7618577075098815,
  "recall": 0.4685031395584363,
  "f1_score": 0.5802082026840587,
  "accuracy": 0.6577709611451943,
  "confusion_matrix": [
    [
      4120,
      723
    ],
    [
      2624,
      2313
    ]
  ],
  "true_positives": 2313,
  "false_positives": 723,
  "true_negatives": 4120,
  "false_negatives": 2624
}