{
  "model_name": "deepseek-r1:8b",
  "learning_type": "zero_shot",
  "dataset_type": "test_examples",
  "format_type": "html",
  "precision": 0.8439490445859873,
  "recall": 0.7006220839813375,
  "f1_score": 0.7656356220258328,
  "accuracy": 0.7843459222769568,
  "confusion_matrix": [
    [
      5526,
      833
    ],
    [
      1925,
      4505
    ]
  ],
  "true_positives": 4505,
  "false_positives": 833,
  "true_negatives": 5526,
  "false_negatives": 1925
}