{
  "model_name": "mistral:latest",
  "learning_type": "chain_of_thought",
  "dataset_type": "test_examples",
  "format_type": "naturalized",
  "precision": 0.612872122453899,
  "recall": 0.7914396887159533,
  "f1_score": 0.6908028800434723,
  "accuracy": 0.643790593943188,
  "confusion_matrix": [
    [
      3142,
      3212
    ],
    [
      1340,
      5085
    ]
  ],
  "true_positives": 5085,
  "false_positives": 3212,
  "true_negatives": 3142,
  "false_negatives": 1340
}