{
  "model_name": "phi4:latest",
  "learning_type": "chain_of_thought",
  "dataset_type": "test_examples",
  "format_type": "html",
  "precision": 0.8926900584795322,
  "recall": 0.8368969298245614,
  "f1_score": 0.8638936049801924,
  "accuracy": 0.8671729375215741,
  "confusion_matrix": [
    [
      6455,
      734
    ],
    [
      1190,
      6106
    ]
  ],
  "true_positives": 6106,
  "false_positives": 734,
  "true_negatives": 6455,
  "false_negatives": 1190
}