{
  "model_name": "phi4:latest",
  "learning_type": "zero_shot",
  "dataset_type": "test_examples",
  "format_type": "naturalized",
  "precision": 0.9098546584894565,
  "recall": 0.8667466986794717,
  "f1_score": 0.8877776866956308,
  "accuracy": 0.8897079556898289,
  "confusion_matrix": [
    [
      11257,
      1073
    ],
    [
      1665,
      10830
    ]
  ],
  "true_positives": 10830,
  "false_positives": 1073,
  "true_negatives": 11257,
  "false_negatives": 1665
}