{
  "model_name": "phi4",
  "learning_type": "few_shot",
  "dataset_type": "test_set",
  "format_type": "naturalized",
  "precision": 0.8271201220841509,
  "recall": 0.5917030567685589,
  "f1_score": 0.6898808982634785,
  "accuracy": 0.7323446327683616,
  "confusion_matrix": [
    [
      5539,
      793
    ],
    [
      2618,
      3794
    ]
  ],
  "true_positives": 3794,
  "false_positives": 793,
  "true_negatives": 5539,
  "false_negatives": 2618
}