{
  "model_name": "mistral:latest",
  "learning_type": "chain_of_thought",
  "dataset_type": "test_examples",
  "format_type": "markdown",
  "precision": 0.6137161582273543,
  "recall": 0.7951076518750632,
  "f1_score": 0.6927344782034346,
  "accuracy": 0.6446865930037171,
  "confusion_matrix": [
    [
      4795,
      4951
    ],
    [
      2027,
      7866
    ]
  ],
  "true_positives": 7866,
  "false_positives": 4951,
  "true_negatives": 4795,
  "false_negatives": 2027
}