{
  "model_name": "mistral:latest",
  "learning_type": "chain_of_thought",
  "dataset_type": "test_examples",
  "format_type": "json",
  "precision": 0.5961232920241499,
  "recall": 0.7566041540633193,
  "f1_score": 0.6668443970496757,
  "accuracy": 0.6191782213418661,
  "confusion_matrix": [
    [
      4687,
      5084
    ],
    [
      2414,
      7504
    ]
  ],
  "true_positives": 7504,
  "false_positives": 5084,
  "true_negatives": 4687,
  "false_negatives": 2414
}