{
  "model_name": "llama3.2",
  "learning_type": "one_shot",
  "dataset_type": "test_set",
  "format_type": "naturalized",
  "precision": 0.5351170568561873,
  "recall": 0.07485963817841547,
  "f1_score": 0.13134491722533861,
  "accuracy": 0.5018047708725675,
  "confusion_matrix": [
    [
      5915,
      417
    ],
    [
      5932,
      480
    ]
  ],
  "true_positives": 480,
  "false_positives": 417,
  "true_negatives": 5915,
  "false_negatives": 5932
}