{
  "model_name": "mistral:latest",
  "learning_type": "chain_of_thought",
  "dataset_type": "test_examples",
  "format_type": "naturalized",
  "precision": 0.621857438627625,
  "recall": 0.7935459520664276,
  "f1_score": 0.6972887820247078,
  "accuracy": 0.6529962457824454,
  "confusion_matrix": [
    [
      5331,
      5114
    ],
    [
      2188,
      8410
    ]
  ],
  "true_positives": 8410,
  "false_positives": 5114,
  "true_negatives": 5331,
  "false_negatives": 2188
}