{
  "model_name": "mistral:latest",
  "learning_type": "zero_shot",
  "dataset_type": "test_examples",
  "format_type": "markdown",
  "precision": 0.6967801714153348,
  "recall": 0.4681712062256809,
  "f1_score": 0.5600446844163098,
  "accuracy": 0.6301745050473433,
  "confusion_matrix": [
    [
      5045,
      1309
    ],
    [
      3417,
      3008
    ]
  ],
  "true_positives": 3008,
  "false_positives": 1309,
  "true_negatives": 5045,
  "false_negatives": 3417
}