{
  "model_name": "deepseek-r1:8b",
  "learning_type": "zero_shot",
  "dataset_type": "test_examples",
  "format_type": "json",
  "precision": 0.8662358248994025,
  "recall": 0.729513247073321,
  "f1_score": 0.7920173922738168,
  "accuracy": 0.8070039313056073,
  "confusion_matrix": [
    [
      8497,
      1097
    ],
    [
      2634,
      7104
    ]
  ],
  "true_positives": 7104,
  "false_positives": 1097,
  "true_negatives": 8497,
  "false_negatives": 2634
}