{
  "model_name": "mistral",
  "learning_type": "one_shot",
  "dataset_type": "val_set",
  "format_type": "naturalized",
  "precision": 0.6420106252554147,
  "recall": 0.48645301130205915,
  "f1_score": 0.5535100854399718,
  "accuracy": 0.6025560608436569,
  "confusion_matrix": [
    [
      4543,
      1752
    ],
    [
      3317,
      3142
    ]
  ],
  "true_positives": 3142,
  "false_positives": 1752,
  "true_negatives": 4543,
  "false_negatives": 3317
}