{
  "model_name": "phi4",
  "learning_type": "one_shot",
  "dataset_type": "val_set",
  "format_type": "naturalized",
  "precision": 0.8786066150598171,
  "recall": 0.38659235175723794,
  "f1_score": 0.5369315127405655,
  "accuracy": 0.6623020228947781,
  "confusion_matrix": [
    [
      5950,
      345
    ],
    [
      3962,
      2497
    ]
  ],
  "true_positives": 2497,
  "false_positives": 345,
  "true_negatives": 5950,
  "false_negatives": 3962
}