{
  "model_name": "mistral",
  "learning_type": "few_shot",
  "dataset_type": "val_set",
  "format_type": "naturalized",
  "precision": 0.6473834443387251,
  "recall": 0.5267069205759406,
  "f1_score": 0.5808434352057368,
  "accuracy": 0.6150227379645601,
  "confusion_matrix": [
    [
      4442,
      1853
    ],
    [
      3057,
      3402
    ]
  ],
  "true_positives": 3402,
  "false_positives": 1853,
  "true_negatives": 4442,
  "false_negatives": 3057
}