{
  "model_name": "llama3.2",
  "learning_type": "few_shot",
  "dataset_type": "test_set",
  "format_type": "naturalized",
  "precision": 0.6429906542056075,
  "recall": 0.053649407361197755,
  "f1_score": 0.09903555491579098,
  "accuracy": 0.5088669177652229,
  "confusion_matrix": [
    [
      6141,
      191
    ],
    [
      6068,
      344
    ]
  ],
  "true_positives": 344,
  "false_positives": 191,
  "true_negatives": 6141,
  "false_negatives": 6068
}