{
  "model_name": "mistral:latest",
  "learning_type": "chain_of_thought",
  "dataset_type": "test_examples",
  "format_type": "html",
  "precision": 0.6013296832225264,
  "recall": 0.7763304049277997,
  "f1_score": 0.6777150916784203,
  "accuracy": 0.6280583956457602,
  "confusion_matrix": [
    [
      4659,
      5097
    ],
    [
      2215,
      7688
    ]
  ],
  "true_positives": 7688,
  "false_positives": 5097,
  "true_negatives": 4659,
  "false_negatives": 2215
}