{
  "model_name": "llama3.2:latest",
  "learning_type": "zero_shot",
  "dataset_type": "test_examples",
  "format_type": "json",
  "precision": 0.6012861736334405,
  "recall": 0.34926070038910506,
  "f1_score": 0.4418627547504184,
  "accuracy": 0.5563815635026215,
  "confusion_matrix": [
    [
      4866,
      1488
    ],
    [
      4181,
      2244
    ]
  ],
  "true_positives": 2244,
  "false_positives": 1488,
  "true_negatives": 4866,
  "false_negatives": 4181
}