{
  "model_name": "llama3.2:latest",
  "learning_type": "zero_shot",
  "dataset_type": "test_examples",
  "format_type": "json",
  "precision": 0.6074632221026193,
  "recall": 0.38242602213688726,
  "f1_score": 0.4693651233712226,
  "accuracy": 0.5642324548921396,
  "confusion_matrix": [
    [
      6527,
      2188
    ],
    [
      5468,
      3386
    ]
  ],
  "true_positives": 3386,
  "false_positives": 2188,
  "true_negatives": 6527,
  "false_negatives": 5468
}