{
  "model_name": "phi4:latest",
  "learning_type": "chain_of_thought",
  "dataset_type": "test_examples",
  "format_type": "naturalized",
  "precision": 0.9177325581395349,
  "recall": 0.8719790084242508,
  "f1_score": 0.8942709439841371,
  "accuracy": 0.8961535786325381,
  "confusion_matrix": [
    [
      6570,
      566
    ],
    [
      927,
      6314
    ]
  ],
  "true_positives": 6314,
  "false_positives": 566,
  "true_negatives": 6570,
  "false_negatives": 927
}