{
  "model_name": "mistral",
  "learning_type": "zero_shot",
  "dataset_type": "val_set",
  "format_type": "naturalized",
  "precision": 0.6638221423759263,
  "recall": 0.4576559838984363,
  "f1_score": 0.5417888563049853,
  "accuracy": 0.6079661282734828,
  "confusion_matrix": [
    [
      4798,
      1497
    ],
    [
      3503,
      2956
    ]
  ],
  "true_positives": 2956,
  "false_positives": 1497,
  "true_negatives": 4798,
  "false_negatives": 3503
}