{
  "model_name": "phi4",
  "learning_type": "zero_shot",
  "dataset_type": "test_set",
  "format_type": "naturalized",
  "precision": 0.8071483180428135,
  "recall": 0.6586088583905177,
  "f1_score": 0.7253521126760564,
  "accuracy": 0.7490583804143126,
  "confusion_matrix": [
    [
      5323,
      1009
    ],
    [
      2189,
      4223
    ]
  ],
  "true_positives": 4223,
  "false_positives": 1009,
  "true_negatives": 5323,
  "false_negatives": 2189
}