{
  "model_name": "phi4",
  "learning_type": "one_shot",
  "dataset_type": "test_set",
  "format_type": "naturalized",
  "precision": 0.8776556776556776,
  "recall": 0.3736743605739239,
  "f1_score": 0.5241741413257492,
  "accuracy": 0.658662900188324,
  "confusion_matrix": [
    [
      5998,
      334
    ],
    [
      4016,
      2396
    ]
  ],
  "true_positives": 2396,
  "false_positives": 334,
  "true_negatives": 5998,
  "false_negatives": 4016
}