{
  "model_name": "llama3.2:latest",
  "learning_type": "zero_shot",
  "dataset_type": "test_examples",
  "format_type": "json",
  "precision": 0.47619047619047616,
  "recall": 0.14285714285714285,
  "f1_score": 0.21978021978021978,
  "accuracy": 0.4855072463768116,
  "confusion_matrix": [
    [
      57,
      11
    ],
    [
      60,
      10
    ]
  ],
  "true_positives": 10,
  "false_positives": 11,
  "true_negatives": 57,
  "false_negatives": 60
}