{
  "model_name": "phi4",
  "learning_type": "zero_shot",
  "dataset_type": "val_set",
  "format_type": "naturalized",
  "precision": 0.8142426525998493,
  "recall": 0.6691438303142901,
  "f1_score": 0.7345967536330416,
  "accuracy": 0.7551356437196174,
  "confusion_matrix": [
    [
      5309,
      986
    ],
    [
      2137,
      4322
    ]
  ],
  "true_positives": 4322,
  "false_positives": 986,
  "true_negatives": 5309,
  "false_negatives": 2137
}