{
  "model_name": "mistral",
  "learning_type": "few_shot",
  "dataset_type": "val_set",
  "format_type": "naturalized",
  "precision": 0.6364046973803071,
  "recall": 0.5134839650145773,
  "f1_score": 0.5683743444937475,
  "accuracy": 0.6054935938796202,
  "confusion_matrix": [
    [
      3751,
      1610
    ],
    [
      2670,
      2818
    ]
  ],
  "true_positives": 2818,
  "false_positives": 1610,
  "true_negatives": 3751,
  "false_negatives": 2670
}