{
  "model_name": "llama3.2",
  "learning_type": "one_shot",
  "dataset_type": "val_set",
  "format_type": "naturalized",
  "precision": 0.5651237890204521,
  "recall": 0.08128193218764515,
  "f1_score": 0.142122360584732,
  "accuracy": 0.5030578641994669,
  "confusion_matrix": [
    [
      5891,
      404
    ],
    [
      5934,
      525
    ]
  ],
  "true_positives": 525,
  "false_positives": 404,
  "true_negatives": 5891,
  "false_negatives": 5934
}