{
  "model_name": "deepseek-r1:8b",
  "learning_type": "zero_shot",
  "dataset_type": "test_examples",
  "format_type": "markdown",
  "precision": 0.8854920405209841,
  "recall": 0.7612752721617418,
  "f1_score": 0.8186987790600435,
  "accuracy": 0.8304793181640472,
  "confusion_matrix": [
    [
      5726,
      633
    ],
    [
      1535,
      4895
    ]
  ],
  "true_positives": 4895,
  "false_positives": 633,
  "true_negatives": 5726,
  "false_negatives": 1535
}