{
  "model_name": "mistral:latest",
  "learning_type": "zero_shot",
  "dataset_type": "test_examples",
  "format_type": "naturalized",
  "precision": 0.7184709821428571,
  "recall": 0.40077821011673154,
  "f1_score": 0.5145369167749025,
  "accuracy": 0.6197668049143126,
  "confusion_matrix": [
    [
      5345,
      1009
    ],
    [
      3850,
      2575
    ]
  ],
  "true_positives": 2575,
  "false_positives": 1009,
  "true_negatives": 5345,
  "false_negatives": 3850
}