{
  "model_name": "llama3.2",
  "learning_type": "zero_shot",
  "dataset_type": "val_set",
  "format_type": "naturalized",
  "precision": 0.6366746493328772,
  "recall": 0.288125096764205,
  "f1_score": 0.3967171178853123,
  "accuracy": 0.5562176572055826,
  "confusion_matrix": [
    [
      5233,
      1062
    ],
    [
      4598,
      1861
    ]
  ],
  "true_positives": 1861,
  "false_positives": 1062,
  "true_negatives": 5233,
  "false_negatives": 4598
}