{
  "model_name": "mistral:latest",
  "learning_type": "zero_shot",
  "dataset_type": "test_examples",
  "format_type": "json",
  "precision": 0.6847354726799653,
  "recall": 0.4915175097276265,
  "f1_score": 0.5722569538823956,
  "accuracy": 0.6305657719696377,
  "confusion_matrix": [
    [
      4900,
      1454
    ],
    [
      3267,
      3158
    ]
  ],
  "true_positives": 3158,
  "false_positives": 1454,
  "true_negatives": 4900,
  "false_negatives": 3267
}