{
  "model_name": "mistral:latest",
  "learning_type": "zero_shot",
  "dataset_type": "test_examples",
  "format_type": "json",
  "precision": 0.6913738019169329,
  "recall": 0.5021813793743618,
  "f1_score": 0.5817829874180019,
  "accuracy": 0.6364231290609078,
  "confusion_matrix": [
    [
      8205,
      2415
    ],
    [
      5363,
      5410
    ]
  ],
  "true_positives": 5410,
  "false_positives": 2415,
  "true_negatives": 8205,
  "false_negatives": 5363
}