{
  "model_name": "mistral",
  "learning_type": "one_shot",
  "dataset_type": "test_set",
  "format_type": "naturalized",
  "precision": 0.6481947942905122,
  "recall": 0.4815970056144729,
  "f1_score": 0.5526127415891195,
  "accuracy": 0.6076585059635907,
  "confusion_matrix": [
    [
      4656,
      1676
    ],
    [
      3324,
      3088
    ]
  ],
  "true_positives": 3088,
  "false_positives": 1676,
  "true_negatives": 4656,
  "false_negatives": 3324
}