{
  "model_name": "phi4",
  "learning_type": "zero_shot",
  "dataset_type": "test_examples",
  "format_type": "naturalized",
  "precision": 0.856203007518797,
  "recall": 0.768387314439946,
  "f1_score": 0.8099217638691323,
  "accuracy": 0.8185367509760652,
  "confusion_matrix": [
    [
      5089,
      765
    ],
    [
      1373,
      4555
    ]
  ],
  "true_positives": 4555,
  "false_positives": 765,
  "true_negatives": 5089,
  "false_negatives": 1373
}