{
  "model_name": "phi4",
  "learning_type": "few_shot",
  "dataset_type": "val_set",
  "format_type": "naturalized",
  "precision": 0.8220320855614973,
  "recall": 0.5950758748838649,
  "f1_score": 0.6903799514955538,
  "accuracy": 0.7297106563161609,
  "confusion_matrix": [
    [
      5463,
      832
    ],
    [
      2615,
      3843
    ]
  ],
  "true_positives": 3843,
  "false_positives": 832,
  "true_negatives": 5463,
  "false_negatives": 2615
}