{
  "model_name": "mistral:latest",
  "learning_type": "zero_shot",
  "dataset_type": "test_examples",
  "format_type": "html",
  "precision": 0.7201719282644138,
  "recall": 0.451034994894644,
  "f1_score": 0.5546803652968036,
  "accuracy": 0.635301266769504,
  "confusion_matrix": [
    [
      8732,
      1888
    ],
    [
      5914,
      4859
    ]
  ],
  "true_positives": 4859,
  "false_positives": 1888,
  "true_negatives": 8732,
  "false_negatives": 5914
}