{
  "model_name": "mistral:latest",
  "learning_type": "zero_shot",
  "dataset_type": "test_examples",
  "format_type": "html",
  "precision": 0.7121594349142281,
  "recall": 0.43937743190661477,
  "f1_score": 0.5434594282414091,
  "accuracy": 0.6288441975115424,
  "confusion_matrix": [
    [
      5213,
      1141
    ],
    [
      3602,
      2823
    ]
  ],
  "true_positives": 2823,
  "false_positives": 1141,
  "true_negatives": 5213,
  "false_negatives": 3602
}