{
  "model_name": "mistral:latest",
  "learning_type": "chain_of_thought",
  "dataset_type": "test_examples",
  "format_type": "html",
  "precision": 0.5951184493898062,
  "recall": 0.7741634241245137,
  "f1_score": 0.6729351281877832,
  "accuracy": 0.6216448861413256,
  "confusion_matrix": [
    [
      2970,
      3384
    ],
    [
      1451,
      4974
    ]
  ],
  "true_positives": 4974,
  "false_positives": 3384,
  "true_negatives": 2970,
  "false_negatives": 1451
}