{
  "model_name": "phi4:latest",
  "learning_type": "chain_of_thought",
  "dataset_type": "test_examples",
  "format_type": "markdown",
  "precision": 0.9145583345380945,
  "recall": 0.870271013894621,
  "f1_score": 0.891865219230227,
  "accuracy": 0.8937084257206208,
  "confusion_matrix": [
    [
      6572,
      591
    ],
    [
      943,
      6326
    ]
  ],
  "true_positives": 6326,
  "false_positives": 591,
  "true_negatives": 6572,
  "false_negatives": 943
}