{
  "model_name": "deepseek-r1:8b",
  "learning_type": "zero_shot",
  "dataset_type": "test_examples",
  "format_type": "html",
  "precision": 0.8479922358364673,
  "recall": 0.7211389662643145,
  "f1_score": 0.7794380017841214,
  "accuracy": 0.7944080656896373,
  "confusion_matrix": [
    [
      8296,
      1253
    ],
    [
      2703,
      6990
    ]
  ],
  "true_positives": 6990,
  "false_positives": 1253,
  "true_negatives": 8296,
  "false_negatives": 2703
}