{
  "learning_type": "zero_shot",
  "dataset_type": "test_set",
  "precision": 0.6669931439764937,
  "recall": 0.3227488151658768,
  "f1_score": 0.4350047908016608,
  "accuracy": 0.5766423357664233,
  "confusion_matrix": [
    [
      3457,
      680
    ],
    [
      2858,
      1362
    ]
  ],
  "true_positives": 1362,
  "false_positives": 680,
  "true_negatives": 3457,
  "false_negatives": 2858
}