{
  "model_name": "llama3.2",
  "learning_type": "zero_shot",
  "dataset_type": "test_set",
  "format_type": "naturalized",
  "precision": 0.6427566807313643,
  "recall": 0.28509045539613226,
  "f1_score": 0.3949870354364736,
  "accuracy": 0.5605775266792216,
  "confusion_matrix": [
    [
      5316,
      1016
    ],
    [
      4584,
      1828
    ]
  ],
  "true_positives": 1828,
  "false_positives": 1016,
  "true_negatives": 5316,
  "false_negatives": 4584
}