{
  "model_name": "phi4:latest",
  "learning_type": "zero_shot",
  "dataset_type": "test_examples",
  "format_type": "markdown",
  "precision": 0.9064155385520895,
  "recall": 0.8630904723779024,
  "f1_score": 0.8842226141163926,
  "accuracy": 0.8862381624017731,
  "confusion_matrix": [
    [
      11212,
      1113
    ],
    [
      1710,
      10780
    ]
  ],
  "true_positives": 10780,
  "false_positives": 1113,
  "true_negatives": 11212,
  "false_negatives": 1710
}