{
  "model_name": "phi4",
  "learning_type": "zero_shot",
  "dataset_type": "test_examples",
  "format_type": "naturalized",
  "precision": 0.7882892724492025,
  "recall": 0.5617312782189008,
  "f1_score": 0.656,
  "accuracy": 0.7037269025994363,
  "confusion_matrix": [
    [
      5380,
      969
    ],
    [
      2815,
      3608
    ]
  ],
  "true_positives": 3608,
  "false_positives": 969,
  "true_negatives": 5380,
  "false_negatives": 2815
}